SNP rsID	Finland	Alt allele	Italy (Toscani)	Alt allele	British	Alt allele
rs72928038	0.146464646464646	A	0.168224299065421	A	0.214285714285714	A
rs1538171	0.348484848484849	G	0.58411214953271	G	0.461538461538462	G
rs4320356	0.46969696969697	T	0.406542056074766	T	0.434065934065934	T
rs1770	0.414141414141414	G	0.383177570093458	G	0.43956043956044	G
rs2647044	0.0606060606060606	A	0.11214953271028	A	0.120879120879121	A
rs11755527	0.358585858585859	G	0.490654205607477	G	0.532967032967033	G
rs9388489	0.348484848484849	G	0.579439252336449	G	0.456043956043956	G
rs9268645	0.282828282828283	G	0.448598130841121	G	0.368131868131868	G
rs11755527	0.358585858585859	G	0.490654205607477	G	0.532967032967033	G
rs9272346	0.464646464646465	A	0.565420560747664	A	0.593406593406593	A
rs9272346	0.464646464646465	A	0.565420560747664	A	0.593406593406593	A
rs3757247	0.368686868686869	T	0.514018691588785	T	0.538461538461538	T
rs11755527	0.358585858585859	G	0.490654205607477	G	0.532967032967033	G
rs924043	0.863636363636364	C	0.873831775700935	C	0.82967032967033	C
rs1050979	0.45959595959596	G	0.47196261682243	G	0.494505494505495	G
rs9405661	0.45959595959596	A	0.448598130841121	A	0.450549450549451	A
rs12665429	0.333333333333333	C	0.35981308411215	C	0.373626373626374	C
rs212408	0.712121212121212	T	0.663551401869159	T	0.571428571428571	T
rs9405661	0.45959595959596	A	0.448598130841121	A	0.450549450549451	A
rs12665429	0.333333333333333	C	0.35981308411215	C	0.373626373626374	C
rs212408	0.712121212121212	T	0.663551401869159	T	0.571428571428571	T
rs72928038	0.146464646464646	A	0.168224299065421	A	0.214285714285714	A
rs2045258	0.348484848484849	G	0.579439252336449	G	0.456043956043956	G
rs9273363	0.242424242424242	A	0.219626168224299	A	0.307692307692308	A
rs1578060	0.348484848484849	C	0.579439252336449	C	0.456043956043956	C
rs138748427	0.353535353535354	A	0.327102803738318	A	0.461538461538462	A
rs9273367	0.242424242424242	T	0.224299065420561	T	0.302197802197802	T
rs17711850	0.277777777777778	C	0.35981308411215	C	0.445054945054945	C
