	SNPS	SNP_ID_CURRENT	REGION	CHR_POS	P_VALUE	RISK_ALLELE_FREQUENCY
14701	rs72928038	72928038	6q15	90267049	6e-14	0.17
14702	rs1538171	1538171	6q22.32	126431738	7e-10	0.45
19605	rs4320356	4320356	6p22.2	26423332	3e-08	0.28
19607	rs1770	1770	6p21.32	32660056	2e-232	0.46
147068	rs2647044	2647044	6p21.32	32700133	1e-16	0.13
148075	rs11755527	11755527	6q15	90248512	5e-08	NR
148091	rs9388489	9388489	6q22.32	126377573	4e-13	0.45
148101	rs9268645	9268645	6p21.32	32440750	1e-100	NR
150940	rs11755527	11755527	6q15	90248512	5e-12	0.47
150950	rs9272346	9272346	6p21.32	32636595	6e-129	NR
151184	rs9272346	9272346	6p21.32	32636595	5e-134	0.61
154931	rs3757247	3757247	6q15	90247744	1e-06	NR
158025	rs11755527	11755527	6q15	90248512	3e-08	NR
174350	rs924043	924043	6q27	170063801	8e-09	0.85
190528	rs1050979	1050979	6p25.3	410417	6e-14	0.515138
214641	rs9405661	9405661	6p25.3	424915	2e-09	0.514
214642	rs12665429	12665429	6q23.3	137682468	1e-13	0.37
214643	rs212408	212408	6q25.3	159049210	1e-15	0.638
216265	rs9405661	9405661	6p25.3	424915	2e-09	0.514
216267	rs12665429	12665429	6q23.3	137682468	1e-13	0.37
216268	rs212408	212408	6q25.3	159049210	1e-15	0.638
224402	rs72928038	72928038	6q15	90267049	1e-11	0.177
224410	rs2045258	2045258	6q22.32	126353208	2e-09	0.449
238229	rs9273363	9273363	6p21.32	32658495	5e-138	0.13
238230	rs1578060	1578060	6q22.32	126391101	2e-06	0.13
264156	rs138748427	138748427	6p21.32	32516743	3e-09	0.507810792
318752	rs9273367	9273367	6p21.32	32658661	6e-306	NR
318753	rs17711850	17711850	6q15	90155151	2e-09	NR
