SNP rsID	Finland	Alt allele	Italy (Toscani)	Alt allele	Middle East	Alt allele
rs72928038	0.1091	A	0.168224299065421	A	0.09494	A
rs1538171	0.4332	G	0.58411214953271	G	0.6561	G
rs4320356	0.4723	T	0.406542056074766	T	0.4114	T
rs1770	0.3378	G	0.383177570093458	G	0.3086	G
rs2647044	0.09414	A	0.11214953271028	A	0.1176	A
rs11755527	0.3424	G	0.490654205607477	G	0.4272	G
rs9388489	0.4339	G	0.579439252336449	G	0.6487	G
rs9268645	0.2919	G	0.448598130841121	G	0.6266	G
rs11755527	0.3424	G	0.490654205607477	G	0.4272	G
rs9272346	0.4876	A	0.565420560747664	A	0.668	A
rs9272346	0.4876	A	0.565420560747664	A	0.668	A
rs3757247	0.3582	T	0.514018691588785	T	0.4525	T
rs11755527	0.3424	G	0.490654205607477	G	0.4272	G
rs924043	0.8236	C	0.873831775700935	C	0.7975	C
rs1050979	0.4761	G	0.47196261682243	G	0.4841	G
rs9405661	0.4876	A	0.448598130841121	A	0.4682	A
rs12665429	0.3262	C	0.35981308411215	C	0.4494	C
rs212408	0.7046	T	0.663551401869159	T	0.6392	T
rs9405661	0.4876	A	0.448598130841121	A	0.4682	A
rs12665429	0.3262	C	0.35981308411215	C	0.4494	C
rs212408	0.7046	T	0.663551401869159	T	0.6392	T
rs72928038	0.1091	A	0.168224299065421	A	0.09494	A
rs2045258	0.4653	G	0.579439252336449	G	0.6755	G
rs9273363	0.2572	A	0.219626168224299	A	0.2247	A
rs1578060	0.4361	C	0.579439252336449	C	0.6392	C
rs138748427			0.327102803738318	A		
rs9273367	0.2581	T	0.224299065420561	T	0.2215	T
rs17711850	0.2445	C	0.35981308411215	C	0.2911	C
