rsid	allele	cadd_phred	cadd_raw
rs1050979	C	5.587	0.414478
rs9405661	A	1.898	0.077535
rs4320356	T	1.191	-0.02426
rs9268645	G	6.421	0.492028
rs9268645	T	6.859	0.5343
rs138748427	A	0.404	-0.247119
rs9272346	A	3.28	0.21363
rs9273363	A	0.699	-0.135691
rs9273367	C	0.955	-0.07049
rs9273367	T	0.895	-0.083976
rs1770	G	0.627	-0.158208
rs2647044	A	1.956	0.084528
rs17711850	C	11.37	0.979586
rs3757247	G	2.041	0.094345
rs11755527	G	4.505	0.318663
rs72928038	A	19.51	2.032881
rs2045258	G	7.953	0.646002
rs9388489	C	4.098	0.283623
rs1578060	A	0.349	-0.277026
rs1538171	A	1.016	-0.057526
rs12665429	C	3.738	0.25288
rs212408	C	3.735	0.252655
rs924043	C	3.557	0.237424
